latitude,longitude,elevation,slope,aspect,tri,lith_score,tpi_15m,presence,_key
39.00000000000004,-120.80000000000004,311.0109558105469,34.98929977416992,12.334654808044434,11.166563987731934,0.5,-333.7737731933594,0,39.0_-120.8
36.60000000000001,-120.30000000000007,51.67571258544922,0.15471632778644562,252.0666046142578,0.03997363522648811,0.5,-0.4322967529296875,0,36.6_-120.3
39.70000000000005,-118.30000000000018,1251.9871826171875,3.903362512588501,299.87982177734375,1.1178369522094727,0.5,-20.5616455078125,0,39.7_-118.3
38.60000000000004,-101.70000000000113,0.0,0.0,0.0,0.0,0.5,0.0,0,38.6_-101.7
42.000000000000085,-109.40000000000069,2015.35302734375,0.7281039953231812,305.9123229980469,0.24519036710262299,0.5,-6.8779296875,0,42.0_-109.4
45.10000000000013,-103.30000000000103,866.5067749023438,0.9042194485664368,58.14933776855469,0.28139638900756836,0.5,4.74420166015625,0,45.1_-103.3
37.100000000000016,-121.10000000000002,313.2056579589844,7.798603057861328,104.97845458984375,4.972054481506348,0.5,99.35281372070312,0,37.1_-121.1
38.500000000000036,-111.90000000000055,2175.9541015625,15.935277938842773,162.13162231445312,4.431931972503662,0.5,22.053466796875,0,38.5_-111.9
40.600000000000065,-115.20000000000036,1827.5888671875,0.025902727618813515,328.36395263671875,0.036649998277425766,0.5,-0.0618896484375,0,40.6_-115.2
47.90000000000017,-119.20000000000013,707.7313842773438,3.7977519035339355,272.1733703613281,1.0410339832305908,0.5,63.77105712890625,0,47.9_-119.2
42.40000000000009,-115.80000000000032,1505.6229248046875,1.1643818616867065,131.4629669189453,0.3168536424636841,0.5,11.04736328125,0,42.4_-115.8
47.700000000000166,-115.20000000000036,1353.9027099609375,33.313907623291016,47.13658905029297,10.424589157104492,0.5,-50.582763671875,0,47.7_-115.2
45.70000000000014,-115.10000000000036,2001.270263671875,29.18593978881836,108.71932220458984,8.56583023071289,0.5,134.271484375,0,45.7_-115.1
45.00000000000013,-104.30000000000098,1081.6549072265625,0.7713214159011841,197.69955444335938,0.1940077692270279,0.5,-15.0615234375,0,45.0_-104.3
42.50000000000009,-119.90000000000009,1378.608154296875,1.5293322801589966,165.52371215820312,0.43804773688316345,0.5,-22.08984375,0,42.5_-119.9
40.600000000000065,-118.40000000000018,1385.650390625,5.080322265625,233.9319305419922,1.286969780921936,0.5,-0.4739990234375,0,40.6_-118.4
48.10000000000017,-112.30000000000052,1319.58740234375,0.48329299688339233,111.15985107421875,0.1418420523405075,0.5,19.6568603515625,0,48.1_-112.3
39.800000000000054,-116.00000000000031,1781.4873046875,0.30879518389701843,219.3331298828125,0.11868200451135635,0.5,0.01708984375,0,39.8_-116.0
37.60000000000002,-103.00000000000105,1419.3656005859375,1.263970136642456,220.96429443359375,0.33823835849761963,0.5,11.8929443359375,0,37.6_-103.0
46.80000000000015,-100.60000000000119,524.6395263671875,1.313960075378418,218.33804321289062,0.338395357131958,0.5,-0.2198486328125,0,46.8_-100.6
48.400000000000176,-102.80000000000106,693.0474853515625,6.577230453491211,208.76589965820312,1.6241086721420288,0.5,14.55938720703125,0,48.4_-102.8
46.70000000000015,-116.60000000000028,784.9170532226562,3.4535794258117676,306.3687438964844,0.8997848629951477,0.5,-27.9437255859375,0,46.7_-116.6
37.90000000000003,-120.30000000000007,600.3374633789062,14.5098295211792,71.10308837890625,4.041705131530762,0.5,27.51611328125,0,37.9_-120.3
46.00000000000014,-111.80000000000055,1809.091064453125,19.932687759399414,119.97271728515625,5.5701823234558105,0.5,108.306884765625,0,46.0_-111.8
40.40000000000006,-105.90000000000089,3661.111328125,13.522421836853027,221.05421447753906,4.461062431335449,0.5,180.802734375,0,40.4_-105.9
36.2,-104.000000000001,1838.9586181640625,5.5384063720703125,247.16644287109375,1.4218826293945312,0.5,3.930419921875,0,36.2_-104.0
43.300000000000104,-116.40000000000029,859.4846801757812,0.5176616907119751,60.138877868652344,0.12987378239631653,0.5,7.66632080078125,0,43.3_-116.4
44.30000000000012,-101.80000000000112,795.9603881835938,1.8611621856689453,217.8710174560547,0.4921298921108246,0.5,4.153076171875,0,44.3_-101.8
42.9000000000001,-106.00000000000088,1594.11572265625,5.276497840881348,99.5317153930664,1.6788867712020874,0.5,9.0819091796875,0,42.9_-106.0
38.90000000000004,-102.00000000000111,1164.9163818359375,6.0286688804626465,311.3244934082031,1.7002488374710083,0.5,-3.1114501953125,0,38.9_-102.0
46.00000000000014,-115.00000000000037,1973.341552734375,17.186748504638672,301.78668212890625,4.724907398223877,0.5,928.6553955078125,0,46.0_-115.0
38.90000000000004,-117.80000000000021,2095.207763671875,24.060138702392578,200.3397674560547,6.828578948974609,0.5,5.041015625,0,38.9_-117.8
41.300000000000075,-105.00000000000094,2027.5858154296875,2.0999135971069336,117.98213958740234,0.6129025816917419,0.5,1.083251953125,0,41.3_-105.0
45.90000000000014,-121.5,368.865966796875,3.734248161315918,122.78529357910156,1.0116990804672241,0.5,-70.86688232421875,0,45.9_-121.5
40.600000000000065,-116.1000000000003,1818.5224609375,15.909818649291992,278.67425537109375,4.110450744628906,0.5,5.9635009765625,0,40.6_-116.1
38.70000000000004,-111.60000000000056,3082.819580078125,23.976537704467773,10.035165786743164,6.795644283294678,0.5,61.833984375,0,38.7_-111.6
48.60000000000018,-120.20000000000007,0.0,0.0,0.0,0.0,0.5,0.0,0,48.6_-120.2
49.30000000000019,-113.80000000000044,1295.5947265625,1.2585352659225464,114.1954574584961,0.3559354543685913,0.5,4.715087890625,0,49.3_-113.8
40.600000000000065,-106.70000000000084,3328.5849609375,16.12152862548828,354.3995056152344,4.480072498321533,0.5,109.740966796875,0,40.6_-106.7
43.90000000000011,-116.60000000000028,729.8484497070312,0.5911757349967957,340.5451354980469,0.2507392168045044,0.5,8.31085205078125,0,43.9_-116.6
44.700000000000124,-108.50000000000074,1329.5516357421875,7.428490161895752,32.05965042114258,1.5045572519302368,0.5,17.661376953125,0,44.7_-108.5
36.0,-105.80000000000089,2531.173095703125,5.039250373840332,316.493896484375,1.4210844039916992,0.5,63.361328125,0,36.0_-105.8
45.500000000000135,-112.8000000000005,2310.71533203125,20.787309646606445,85.53565216064453,5.912035942077637,0.5,67.045166015625,0,45.5_-112.8
41.60000000000008,-107.20000000000081,2120.4365234375,2.565518856048584,67.39229583740234,0.7602261304855347,0.5,2.5693359375,0,41.6_-107.2
36.50000000000001,-103.00000000000105,1431.62451171875,1.6036274433135986,97.02992248535156,0.4456581771373749,0.5,3.3970947265625,0,36.5_-103.0
45.70000000000014,-112.30000000000052,1514.470458984375,6.066397190093994,192.95545959472656,1.8039895296096802,0.5,-1.0562744140625,0,45.7_-112.3
43.70000000000011,-101.80000000000112,685.5361938476562,0.47764140367507935,284.4544372558594,0.3522137403488159,0.5,-18.630859375,0,43.7_-101.8
41.40000000000008,-115.20000000000036,1782.876708984375,0.7393434047698975,258.15142822265625,0.18157999217510223,0.5,4.297607421875,0,41.4_-115.2
38.60000000000004,-110.70000000000061,1523.62841796875,6.39072847366333,293.0185546875,3.726677417755127,0.5,0.696044921875,0,38.6_-110.7
48.60000000000018,-118.20000000000019,883.356201171875,16.014488220214844,125.01068115234375,4.4978508949279785,0.5,20.588623046875,0,48.6_-118.2
49.40000000000019,-111.40000000000057,911.253173828125,1.1179478168487549,188.07374572753906,0.2812446653842926,0.5,7.8778076171875,0,49.4_-111.4
40.80000000000007,-108.40000000000074,1976.2220458984375,1.2283945083618164,92.15847778320312,0.34071341156959534,0.5,-8.1947021484375,0,40.8_-108.4
47.700000000000166,-109.70000000000067,874.9263305664062,7.869274139404297,309.171875,2.398744821548462,0.5,-15.47076416015625,0,47.7_-109.7
38.30000000000003,-120.60000000000005,700.2474365234375,4.923600196838379,17.468494415283203,1.3381261825561523,0.5,67.96661376953125,0,38.3_-120.6
40.00000000000006,-114.5000000000004,2156.3681640625,7.190975666046143,18.761661529541016,1.8965448141098022,0.5,25.29541015625,0,40.0_-114.5
49.40000000000019,-113.50000000000045,1084.40234375,1.119584321975708,297.1282958984375,0.4173502027988434,0.5,-7.962646484375,0,49.4_-113.5
48.300000000000175,-103.30000000000103,731.0675048828125,0.4312131702899933,266.54443359375,0.1569264531135559,0.5,16.3980712890625,0,48.3_-103.3
37.90000000000003,-117.00000000000026,1588.119140625,0.3164394795894623,317.2442626953125,0.07390161603689194,0.5,0.4027099609375,0,37.9_-117.0
43.0000000000001,-109.50000000000068,3277.80859375,16.30219268798828,31.8029842376709,4.870255947113037,0.5,-47.8740234375,0,43.0_-109.5
41.60000000000008,-121.30000000000001,1316.5277099609375,0.1954551488161087,143.60340881347656,0.04941592365503311,0.5,-10.8043212890625,0,41.6_-121.3
46.300000000000146,-118.90000000000015,263.6348876953125,1.630082368850708,36.88788604736328,0.41577374935150146,0.5,21.0701904296875,0,46.3_-118.9
36.0,-119.7000000000001,56.120506286621094,0.06011481210589409,231.17442321777344,0.01872590184211731,0.5,0.185943603515625,0,36.0_-119.7
39.800000000000054,-113.20000000000047,1540.1339111328125,6.425226211547852,283.06591796875,1.595979928970337,0.5,-35.662109375,0,39.8_-113.2
41.200000000000074,-104.90000000000094,1934.8927001953125,3.0991241931915283,159.48184204101562,0.8412617444992065,0.5,0.268798828125,0,41.2_-104.9
45.10000000000013,-109.50000000000068,3212.80078125,21.75275230407715,353.7440490722656,6.007977485656738,0.5,132.478515625,0,45.1_-109.5
41.00000000000007,-100.80000000000118,928.61181640625,3.8668882846832275,76.04393768310547,0.9314205050468445,0.5,-1.67205810546875,0,41.0_-100.8
43.400000000000105,-106.60000000000085,1573.2989501953125,2.395686149597168,138.96681213378906,0.644121527671814,0.5,13.8504638671875,0,43.4_-106.6
42.000000000000085,-104.70000000000095,1559.425537109375,3.7384679317474365,136.51947021484375,1.1053524017333984,0.5,25.799072265625,0,42.0_-104.7
41.60000000000008,-111.50000000000057,2244.0966796875,52.72987747192383,132.33282470703125,18.678869247436523,0.5,6.599609375,0,41.6_-111.5
42.10000000000009,-121.4,0.0,0.0,0.0,0.0,0.5,0.0,0,42.1_-121.4
43.80000000000011,-121.30000000000001,1667.82373046875,28.511276245117188,297.5320739746094,8.662609100341797,0.5,-16.4598388671875,0,43.8_-121.3
41.300000000000075,-115.50000000000034,1851.254150390625,3.3403892517089844,126.83548736572266,0.9207339286804199,0.5,5.5965576171875,0,41.3_-115.5
43.1000000000001,-114.10000000000042,1346.117919921875,2.386319160461426,101.22745513916016,0.6197476983070374,0.5,-3.7099609375,0,43.1_-114.1
47.20000000000016,-110.10000000000065,1260.9696044921875,4.461720943450928,284.50811767578125,1.2519702911376953,0.5,17.4368896484375,0,47.2_-110.1
43.0000000000001,-107.70000000000078,1748.490478515625,1.8579241037368774,42.32064437866211,0.5116481184959412,0.5,-6.700927734375,0,43.0_-107.7
41.80000000000008,-113.20000000000047,1460.8687744140625,3.189209461212158,129.890625,0.974563479423523,0.5,-4.9031982421875,0,41.8_-113.2
44.60000000000012,-107.80000000000078,1424.0780029296875,8.036048889160156,41.35254669189453,2.2878735065460205,0.5,-10.884765625,0,44.6_-107.8
37.60000000000002,-110.50000000000063,1267.781005859375,11.170992851257324,286.5496826171875,3.4225528240203857,0.5,-71.946533203125,0,37.6_-110.5
39.200000000000045,-102.30000000000109,1280.8265380859375,1.0035316944122314,152.06239318847656,0.2602834403514862,0.5,-5.991943359375,0,39.2_-102.3
43.80000000000011,-118.70000000000016,1529.0433349609375,23.48809051513672,83.10787963867188,6.607851028442383,0.5,-29.003173828125,0,43.8_-118.7
47.40000000000016,-120.60000000000005,1059.8714599609375,32.19667434692383,53.828487396240234,10.076645851135254,0.5,-59.6494140625,0,47.4_-120.6
40.80000000000007,-105.30000000000092,1905.7193603515625,6.24228048324585,259.3446350097656,2.0530641078948975,0.5,72.5509033203125,0,40.8_-105.3
42.9000000000001,-119.40000000000012,1590.2584228515625,0.7940622568130493,123.65460205078125,0.20465099811553955,0.5,5.3038330078125,0,42.9_-119.4
43.400000000000105,-110.30000000000064,3037.500244140625,24.738555908203125,288.6244201660156,7.345552921295166,0.5,-19.971435546875,0,43.4_-110.3
39.100000000000044,-105.90000000000089,2825.614990234375,2.2193117141723633,225.7688751220703,0.5916687250137329,0.5,17.700439453125,0,39.1_-105.9
48.50000000000018,-108.40000000000074,796.285400390625,3.9101901054382324,321.59820556640625,1.259265661239624,0.5,-13.8681640625,0,48.5_-108.4
47.600000000000165,-111.70000000000056,1177.92236328125,0.5516402125358582,233.35916137695312,0.20370885729789734,0.5,2.5850830078125,0,47.6_-111.7
41.50000000000008,-104.50000000000097,1639.3818359375,1.4249951839447021,294.0509033203125,0.4166775047779083,0.5,4.1348876953125,0,41.5_-104.5
48.00000000000017,-110.00000000000065,982.939453125,0.9874128699302673,142.29835510253906,0.26637277007102966,0.5,11.1114501953125,0,48.0_-110.0
46.00000000000014,-117.10000000000025,728.205322265625,31.561601638793945,248.85757446289062,9.551717758178711,0.5,-61.51568603515625,0,46.0_-117.1
47.600000000000165,-118.30000000000018,718.72509765625,0.32362136244773865,309.72967529296875,0.10400737822055817,0.5,-12.239990234375,0,47.6_-118.3
44.700000000000124,-113.50000000000045,1871.7816162109375,1.7367626428604126,277.86285400390625,0.4358428120613098,0.5,-10.126708984375,0,44.7_-113.5
37.100000000000016,-120.00000000000009,115.2474594116211,0.0631323978304863,160.24398803710938,0.27482444047927856,0.5,0.7706222534179688,0,37.1_-120.0
46.10000000000014,-115.90000000000032,740.624267578125,1.8686736822128296,6.863386631011963,0.5958252549171448,0.5,32.92620849609375,0,46.1_-115.9
43.0000000000001,-100.70000000000118,852.6066284179688,0.7884846329689026,196.95758056640625,0.24843204021453857,0.5,-3.7138671875,0,43.0_-100.7
45.20000000000013,-114.00000000000043,2225.822021484375,26.13842010498047,102.13291931152344,7.702879428863525,0.5,44.193603515625,0,45.2_-114.0
43.60000000000011,-100.70000000000118,635.7513427734375,10.286327362060547,8.312387466430664,2.5913784503936768,0.5,20.1673583984375,0,43.6_-100.7
42.40000000000009,-101.30000000000115,1035.900146484375,10.119013786315918,215.02772521972656,2.554314136505127,0.5,2.7027587890625,0,42.4_-101.3
37.100000000000016,-117.60000000000022,1865.8941650390625,40.165889739990234,136.32028198242188,13.053760528564453,0.5,170.132568359375,0,37.1_-117.6
44.60000000000012,-111.20000000000059,2186.24365234375,5.859434127807617,162.57958984375,1.6273983716964722,0.5,0.8173828125,0,44.6_-111.2
37.20000000000002,-117.9000000000002,1488.07763671875,48.8040657043457,278.4541015625,17.498933792114258,0.5,-46.2442626953125,0,37.2_-117.9
40.10000000000006,-111.70000000000056,1388.328857421875,0.25876718759536743,329.90362548828125,0.10017729550600052,0.5,2.74267578125,0,40.1_-111.7
42.40000000000009,-108.60000000000073,2249.53515625,3.850938558578491,79.74800109863281,1.136141300201416,0.5,8.875,0,42.4_-108.6
36.90000000000001,-102.40000000000109,1191.6385498046875,1.324001431465149,65.63007354736328,0.3669269382953644,0.5,5.6031494140625,0,36.9_-102.4
44.60000000000012,-107.00000000000082,1707.0433349609375,17.305801391601562,291.25372314453125,5.045832633972168,0.5,-68.0797119140625,0,44.6_-107.0
36.1,-117.9000000000002,1534.507568359375,42.366050720214844,25.164812088012695,13.538084983825684,0.5,42.7890625,0,36.1_-117.9
42.9000000000001,-100.4000000000012,761.5689086914062,0.3516314923763275,233.2295684814453,0.20544780790805817,0.5,2.875244140625,0,42.9_-100.4
44.30000000000012,-117.9000000000002,1178.3807373046875,4.301138877868652,150.5347137451172,1.1343915462493896,0.5,-26.9095458984375,0,44.3_-117.9
39.00000000000004,-107.30000000000081,2530.4677734375,12.155149459838867,73.22930145263672,3.3126332759857178,0.5,15.282958984375,0,39.0_-107.3
43.60000000000011,-118.40000000000018,1623.72607421875,3.539574384689331,347.8703308105469,0.9265937209129333,0.5,16.695068359375,0,43.6_-118.4
43.1000000000001,-105.00000000000094,1386.414794921875,6.036795616149902,142.59124755859375,1.759845495223999,0.5,-6.0252685546875,0,43.1_-105.0
37.20000000000002,-117.30000000000024,1723.17138671875,4.237107276916504,148.81698608398438,1.0854426622390747,0.5,-77.30810546875,0,37.2_-117.3
41.50000000000008,-110.70000000000061,2139.789794921875,2.378305196762085,272.247802734375,1.6481785774230957,0.5,-22.894775390625,0,41.5_-110.7
37.90000000000003,-110.10000000000065,1990.630615234375,3.3976895809173584,8.082730293273926,1.3106579780578613,0.5,38.629638671875,0,37.9_-110.1
40.70000000000007,-118.90000000000015,1748.5933837890625,34.07975387573242,221.1982879638672,11.65429973602295,0.5,53.1265869140625,0,40.7_-118.9
36.70000000000001,-106.90000000000083,2225.93701171875,3.53745174407959,165.33489990234375,1.374682068824768,0.5,-31.615234375,0,36.7_-106.9
49.20000000000019,-106.70000000000084,943.0117797851562,8.562668800354004,207.53623962402344,2.748701810836792,0.5,10.62847900390625,0,49.2_-106.7
45.90000000000014,-114.10000000000042,1337.7635498046875,9.960558891296387,251.12078857421875,7.382898330688477,0.5,-76.9722900390625,0,45.9_-114.1
39.200000000000045,-100.90000000000117,936.6669311523438,0.42660266160964966,218.2901611328125,0.1568184196949005,0.5,-0.48724365234375,0,39.2_-100.9
36.50000000000001,-107.60000000000079,1884.7760009765625,22.189245223999023,252.3306884765625,7.605949401855469,0.5,-37.43017578125,0,36.5_-107.6
47.700000000000166,-102.2000000000011,560.6180419921875,0.0,0.0,0.0,0.5,-11.82537841796875,0,47.7_-102.2
43.80000000000011,-103.60000000000102,1684.5269775390625,13.506406784057617,323.59442138671875,3.5986878871917725,0.5,-39.17138671875,0,43.8_-103.6
41.70000000000008,-107.30000000000081,0.0,0.0,0.0,0.0,0.5,-42.58855438232422,0,41.7_-107.3
45.600000000000136,-115.10000000000036,2263.17626953125,28.85610008239746,359.40179443359375,8.75929069519043,0.5,197.00146484375,0,45.6_-115.1
48.300000000000175,-112.10000000000053,0.0,0.0,0.0,0.0,0.5,-306.915771484375,0,48.3_-112.1
44.20000000000012,-119.20000000000013,1638.3095703125,18.172883987426758,128.1791229248047,5.190921783447266,0.5,38.1124267578125,0,44.2_-119.2
46.50000000000015,-110.00000000000065,1405.79150390625,6.2166266441345215,26.741283416748047,1.6456794738769531,0.5,-2.3890380859375,0,46.5_-110.0
49.000000000000185,-103.900000000001,683.6735229492188,0.6614107489585876,276.80450439453125,0.16673415899276733,0.5,1.234130859375,0,49.0_-103.9
41.200000000000074,-119.90000000000009,1885.62646484375,20.123462677001953,220.39601135253906,5.9057722091674805,0.5,-30.648681640625,0,41.2_-119.9
44.60000000000012,-110.50000000000063,2466.428466796875,6.675534725189209,245.51651000976562,4.091742038726807,0.5,1.8837890625,0,44.6_-110.5
44.000000000000114,-118.40000000000018,1710.9947509765625,4.944540023803711,264.250244140625,1.367992877960205,0.5,9.5487060546875,0,44.0_-118.4
39.70000000000005,-117.9000000000002,1293.3936767578125,3.608828067779541,250.68536376953125,1.6389414072036743,0.5,-40.72265625,0,39.7_-117.9
40.00000000000006,-116.70000000000027,2237.325927734375,26.979036331176758,103.90621185302734,7.687405586242676,0.5,210.6270751953125,0,40.0_-116.7
36.0,-117.10000000000025,1951.8778076171875,14.599847793579102,260.19219970703125,3.7678375244140625,0.5,-22.9912109375,0,36.0_-117.1
45.600000000000136,-105.00000000000094,954.4279174804688,2.360588788986206,153.36766052246094,1.406070351600647,0.5,5.0167236328125,0,45.6_-105.0
37.000000000000014,-111.0000000000006,1440.867919921875,24.288108825683594,231.19674682617188,7.672636032104492,0.5,-88.7796630859375,0,37.0_-111.0
39.00000000000004,-103.60000000000102,0.0,0.0,0.0,0.0,0.5,0.0,0,39.0_-103.6
44.60000000000012,-102.1000000000011,718.3314208984375,2.4612278938293457,169.06289672851562,0.8044167757034302,0.5,1.1463623046875,0,44.6_-102.1
46.80000000000015,-110.30000000000064,1580.662353515625,19.054903030395508,142.38076782226562,6.106851100921631,0.5,-194.375732421875,0,46.8_-110.3
45.90000000000014,-108.40000000000074,962.3101196289062,2.4265918731689453,174.04873657226562,0.6429560780525208,0.5,0.64996337890625,0,45.9_-108.4
47.30000000000016,-115.40000000000035,1525.601318359375,22.382919311523438,326.84197998046875,7.255366802215576,0.5,-88.7557373046875,0,47.3_-115.4
39.50000000000005,-112.10000000000053,1566.3653564453125,2.4652795791625977,276.3472595214844,0.6910234093666077,0.5,4.511474609375,0,39.5_-112.1
42.9000000000001,-118.90000000000015,1354.039794921875,16.023509979248047,53.5606803894043,5.69623327255249,0.5,-30.1605224609375,0,42.9_-118.9
47.90000000000017,-111.40000000000057,1038.389404296875,0.6618393659591675,158.9012908935547,0.17846855521202087,0.5,16.1025390625,0,47.9_-111.4
39.00000000000004,-108.10000000000076,3028.82861328125,1.6845545768737793,91.09809112548828,0.444448858499527,0.5,-105.671142578125,0,39.0_-108.1
42.50000000000009,-100.4000000000012,868.69921875,0.18954315781593323,336.91082763671875,0.195783331990242,0.5,-2.51318359375,0,42.5_-100.4
43.70000000000011,-121.20000000000002,2260.260986328125,6.240854263305664,197.85415649414062,1.886540174484253,0.5,157.64599609375,0,43.7_-121.2
39.100000000000044,-111.80000000000055,1583.57470703125,0.9811683893203735,351.8438720703125,0.2698884606361389,0.5,-1.482177734375,0,39.1_-111.8
38.30000000000003,-117.20000000000024,2261.67236328125,27.233787536621094,264.91107177734375,8.33309268951416,0.5,29.98046875,0,38.3_-117.2
41.00000000000007,-104.70000000000095,1827.4398193359375,3.567195177078247,240.10507202148438,1.0367803573608398,0.5,-10.6986083984375,0,41.0_-104.7
42.700000000000095,-115.70000000000033,1088.3927001953125,2.8551461696624756,247.08706665039062,0.7928118109703064,0.5,27.31103515625,0,42.7_-115.7
46.00000000000014,-102.30000000000109,755.1651000976562,2.5923001766204834,279.5645751953125,0.7130590677261353,0.5,-2.76226806640625,0,46.0_-102.3
43.60000000000011,-114.00000000000043,2098.73193359375,14.33880615234375,303.7174072265625,4.643089771270752,0.5,877.001708984375,0,43.6_-114.0
45.70000000000014,-120.60000000000005,118.56481170654297,26.009883880615234,248.57891845703125,7.521712303161621,0.5,-124.2632064819336,0,45.7_-120.6
48.80000000000018,-115.90000000000032,954.1537475585938,13.230384826660156,350.0497741699219,3.695244073867798,0.5,-135.52056884765625,0,48.8_-115.9
39.800000000000054,-109.90000000000066,1596.1552734375,20.609439849853516,57.11737823486328,5.757984161376953,0.5,100.0040283203125,0,39.8_-109.9
40.90000000000007,-111.60000000000056,1820.2459716796875,5.52432107925415,136.6240692138672,1.6426045894622803,0.5,-47.519775390625,0,40.9_-111.6
48.90000000000018,-114.60000000000039,1802.77392578125,14.053553581237793,251.98370361328125,4.314322471618652,0.5,24.804931640625,0,48.9_-114.6
43.50000000000011,-119.60000000000011,1395.095458984375,0.23275041580200195,80.2587661743164,0.08364060521125793,0.5,3.3502197265625,0,43.5_-119.6
43.400000000000105,-106.10000000000088,1739.723388671875,2.5839004516601562,147.6472625732422,0.8902389407157898,0.5,-24.1982421875,0,43.4_-106.1
46.200000000000145,-111.80000000000055,1975.6446533203125,22.41874885559082,297.7038879394531,6.377593994140625,0.5,60.8402099609375,0,46.2_-111.8
39.900000000000055,-108.40000000000074,2050.616455078125,2.1934664249420166,177.6859588623047,0.487788587808609,0.5,30.687744140625,0,39.9_-108.4
46.40000000000015,-108.20000000000076,1030.379638671875,1.9893929958343506,235.15426635742188,0.7933974862098694,0.5,-33.0218505859375,0,46.4_-108.2
41.40000000000008,-102.30000000000109,1032.7840576171875,1.6795694828033447,334.1887512207031,0.6607932448387146,0.5,-11.87646484375,0,41.4_-102.3
41.40000000000008,-115.90000000000032,1950.055419921875,0.29816576838493347,84.01079559326172,0.09842968732118607,0.5,2.94921875,0,41.4_-115.9
46.300000000000146,-118.70000000000016,291.1254577636719,2.668236494064331,324.71600341796875,0.7061325311660767,0.5,15.56121826171875,0,46.3_-118.7
36.300000000000004,-103.70000000000101,1752.93310546875,4.714052677154541,58.928131103515625,1.198061466217041,0.5,-1.6939697265625,0,36.3_-103.7
38.20000000000003,-111.50000000000057,3302.69921875,47.938846588134766,209.43075561523438,16.576967239379883,0.5,71.213134765625,0,38.2_-111.5
44.800000000000125,-116.2000000000003,1846.04541015625,19.340246200561523,262.19464111328125,5.4059977531433105,0.5,85.7264404296875,0,44.8_-116.2
43.60000000000011,-109.60000000000068,2298.69287109375,19.81836700439453,32.69865417480469,5.109198570251465,0.5,-2.48486328125,0,43.6_-109.6
49.000000000000185,-111.60000000000056,1194.78515625,2.334218740463257,296.68170166015625,0.640424907207489,0.5,-5.6943359375,0,49.0_-111.6
40.600000000000065,-118.70000000000016,1568.33984375,2.8594987392425537,219.13880920410156,0.7775529026985168,0.5,-8.808349609375,0,40.6_-118.7
42.8000000000001,-103.30000000000103,1055.3221435546875,2.52245831489563,334.5624084472656,0.6808074116706848,0.5,1.8895263671875,0,42.8_-103.3
43.0000000000001,-107.5000000000008,1886.0628662109375,2.464531183242798,336.3598937988281,0.49787476658821106,0.5,0.6712646484375,0,43.0_-107.5
47.80000000000017,-114.30000000000041,881.7000122070312,0.07964856177568436,270.0,0.06819258630275726,0.5,-38.98809814453125,0,47.8_-114.3
40.90000000000007,-105.00000000000094,1750.229248046875,1.0843654870986938,92.09144592285156,0.3872360587120056,0.5,-19.170166015625,0,40.9_-105.0
47.80000000000017,-121.4,1632.2099609375,39.69903564453125,250.5812530517578,12.423505783081055,0.5,346.9420166015625,0,47.8_-121.4
42.600000000000094,-104.20000000000098,1479.4981689453125,4.337230682373047,74.10273742675781,1.1369154453277588,0.5,-7.7882080078125,0,42.6_-104.2
36.70000000000001,-103.00000000000105,1474.24951171875,1.0805659294128418,152.99607849121094,0.2971574068069458,0.5,8.7796630859375,0,36.7_-103.0
40.90000000000007,-101.60000000000113,1018.449462890625,0.9674071073532104,217.23373413085938,0.26442188024520874,0.5,0.24859619140625,0,40.9_-101.6
43.2000000000001,-102.30000000000109,999.7661743164062,5.109284400939941,29.775474548339844,1.231482744216919,0.5,-20.0123291015625,0,43.2_-102.3
47.700000000000166,-104.70000000000095,737.8455200195312,1.755211353302002,100.37294006347656,0.5639873743057251,0.5,0.66815185546875,0,47.7_-104.7
40.80000000000007,-117.00000000000026,1361.84326171875,0.10629957914352417,337.5679016113281,0.04774476960301399,0.5,-2.213134765625,0,40.8_-117.0
46.300000000000146,-116.3000000000003,975.0291748046875,7.285065650939941,276.8792419433594,2.062377452850342,0.5,-11.87469482421875,0,46.3_-116.3
48.10000000000017,-118.50000000000017,669.7164916992188,42.66998291015625,253.31988525390625,14.148469924926758,0.5,-102.7254638671875,0,48.1_-118.5
44.60000000000012,-115.20000000000036,1886.091796875,34.02726364135742,345.10931396484375,9.765220642089844,0.5,-141.8193359375,0,44.6_-115.2
42.30000000000009,-119.7000000000001,1836.2923583984375,1.5140055418014526,261.18927001953125,0.40891775488853455,0.5,23.881591796875,0,42.3_-119.7
36.0,-107.70000000000078,1952.0081787109375,0.01532584149390459,69.70242309570312,0.07129393517971039,0.5,-12.6156005859375,0,36.0_-107.7
37.100000000000016,-109.50000000000068,1543.2744140625,4.482112407684326,2.8497352600097656,1.2612888813018799,0.5,24.6651611328125,0,37.1_-109.5
40.10000000000006,-113.50000000000045,0.0,0.0,0.0,0.0,0.5,0.0,0,40.1_-113.5
36.60000000000001,-119.60000000000011,98.59925079345703,0.14017412066459656,46.92467498779297,0.07796027511358261,0.5,0.02291107177734375,0,36.6_-119.6
40.00000000000006,-104.50000000000097,1535.2147216796875,0.5466048121452332,218.28590393066406,0.15000011026859283,0.5,0.8302001953125,0,40.0_-104.5
47.700000000000166,-109.40000000000069,830.3684692382812,23.864826202392578,252.4655303955078,8.892767906188965,0.5,-103.3663330078125,0,47.7_-109.4
41.10000000000007,-104.80000000000095,1838.80029296875,1.6463587284088135,139.8111114501953,0.3931521773338318,0.5,-2.4620361328125,0,41.1_-104.8
36.0,-110.80000000000061,1828.5958251953125,9.980805397033691,344.6062316894531,2.8387792110443115,0.5,32.1234130859375,0,36.0_-110.8
41.80000000000008,-119.30000000000013,1891.4765625,0.376769483089447,118.15878295898438,0.09967593103647232,0.5,5.5831298828125,0,41.8_-119.3
48.400000000000176,-120.40000000000006,1557.9285888671875,5.6972150802612305,203.65628051757812,2.1261565685272217,0.5,69.4608154296875,0,48.4_-120.4
41.50000000000008,-119.50000000000011,1898.82568359375,5.164431095123291,59.7192497253418,1.43379807472229,0.5,45.290283203125,0,41.5_-119.5
43.60000000000011,-101.60000000000113,767.6151733398438,15.642247200012207,147.12200927734375,11.895169258117676,0.5,-32.41943359375,0,43.6_-101.6
38.400000000000034,-100.80000000000118,906.1640625,0.09124795347452164,266.412109375,0.0599757619202137,0.5,-0.5335693359375,0,38.4_-100.8
43.50000000000011,-101.50000000000114,790.4038696289062,2.353494167327881,262.6568908691406,0.6624601483345032,0.5,-5.204833984375,0,43.5_-101.5
47.50000000000016,-121.10000000000002,1554.6668701171875,23.22588539123535,104.95550537109375,6.662834167480469,0.5,68.18798828125,0,47.5_-121.1
48.50000000000018,-109.00000000000071,774.5262451171875,6.844581127166748,248.49957275390625,3.221261739730835,0.5,-6.965087890625,0,48.5_-109.0
38.70000000000004,-105.50000000000091,2580.1103515625,11.676249504089355,8.85830020904541,3.237854242324829,0.5,-20.7861328125,0,38.7_-105.5
41.70000000000008,-107.20000000000081,2281.270263671875,3.20801043510437,289.5592956542969,0.8493040204048157,0.5,8.695068359375,0,41.7_-107.2
40.20000000000006,-119.10000000000014,1925.2635498046875,2.7328617572784424,148.27357482910156,1.0790597200393677,0.5,66.54638671875,0,40.2_-119.1
36.60000000000001,-109.70000000000067,1644.8717041015625,3.404667377471924,14.444035530090332,0.939214289188385,0.5,3.968994140625,0,36.6_-109.7
48.00000000000017,-102.70000000000107,623.06982421875,4.885557174682617,227.8387451171875,1.5825809240341187,0.5,-1.011962890625,0,48.0_-102.7
47.000000000000156,-109.40000000000069,1385.6256103515625,8.974752426147461,75.30967712402344,2.715533494949341,0.5,9.1981201171875,0,47.0_-109.4
48.50000000000018,-111.90000000000055,1054.12451171875,2.908928155899048,46.41401672363281,0.7583142518997192,0.5,5.57666015625,0,48.5_-111.9
41.60000000000008,-116.60000000000028,1645.6455078125,1.8919047117233276,63.14436340332031,0.5298951864242554,0.5,2.2593994140625,0,41.6_-116.6
37.000000000000014,-112.6000000000005,1526.8931884765625,2.717026710510254,70.13209533691406,0.7713069915771484,0.5,-12.8564453125,0,37.0_-112.6
39.40000000000005,-116.00000000000031,2416.893798828125,24.894018173217773,104.27519989013672,6.269886493682861,0.5,91.953369140625,0,39.4_-116.0
40.20000000000006,-102.00000000000111,1079.55322265625,4.944098472595215,85.47698974609375,1.3433103561401367,0.5,-1.102294921875,0,40.2_-102.0
36.50000000000001,-109.50000000000068,1621.1883544921875,1.3459285497665405,282.94061279296875,0.4265676736831665,0.5,-3.5460205078125,0,36.5_-109.5
40.90000000000007,-119.7000000000001,0.0,0.0,0.0,0.0,0.5,0.0,0,40.9_-119.7
40.10000000000006,-113.30000000000047,0.0,88.48209381103516,270.0,820.855712890625,0.5,-666.050537109375,0,40.1_-113.3
48.50000000000018,-115.20000000000036,1017.5844116210938,18.174009323120117,271.24530029296875,5.0445404052734375,0.5,-108.73272705078125,0,48.5_-115.2
40.20000000000006,-109.40000000000069,1606.54833984375,9.00249195098877,180.81411743164062,3.236682415008545,0.5,-21.44091796875,0,40.2_-109.4
45.70000000000014,-103.40000000000103,0.0,0.0,0.0,0.0,0.5,0.0,0,45.7_-103.4
44.20000000000012,-114.80000000000038,2709.609130859375,16.86067008972168,13.576749801635742,4.748120307922363,0.5,147.515869140625,0,44.2_-114.8
48.80000000000018,-116.2000000000003,1288.6302490234375,14.082416534423828,139.8612518310547,3.951101064682007,0.5,174.950439453125,0,48.8_-116.2
43.300000000000104,-110.00000000000065,2473.9345703125,8.704699516296387,304.7880554199219,2.4005143642425537,0.5,-26.445556640625,0,43.3_-110.0
41.70000000000008,-100.90000000000117,985.6868286132812,3.8697190284729004,255.6626434326172,0.8579815626144409,0.5,-13.19818115234375,0,41.7_-100.9
39.900000000000055,-113.40000000000046,1308.43701171875,0.5895820260047913,245.00970458984375,0.2250211536884308,0.5,-2.1629638671875,0,39.9_-113.4
40.00000000000006,-104.10000000000099,1459.6346435546875,0.2889817953109741,267.3052673339844,0.12479822337627411,0.5,-0.446044921875,0,40.0_-104.1
43.60000000000011,-108.80000000000072,2879.9365234375,25.088132858276367,40.80419921875,6.841766834259033,0.5,156.752197265625,0,43.6_-108.8
47.90000000000017,-112.6000000000005,1458.626708984375,1.5629091262817383,98.3066635131836,0.4193078577518463,0.5,-3.1783447265625,0,47.9_-112.6
41.200000000000074,-118.50000000000017,1545.1038818359375,8.339494705200195,265.35260009765625,2.471907615661621,0.5,-26.4794921875,0,41.2_-118.5
39.800000000000054,-111.50000000000057,1804.3995361328125,1.0853204727172852,73.70195770263672,0.27901771664619446,0.5,-19.2965087890625,0,39.8_-111.5
38.30000000000003,-107.70000000000078,2357.462890625,16.543811798095703,287.7230529785156,4.944299221038818,0.5,-54.624755859375,0,38.3_-107.7
36.2,-114.00000000000043,556.953369140625,44.30828857421875,300.6629638671875,14.56835651397705,0.5,122.4669189453125,0,36.2_-114.0
45.20000000000013,-104.000000000001,1034.0921630859375,1.852373480796814,53.33832550048828,0.5059345960617065,0.5,-6.1820068359375,0,45.2_-104.0
46.50000000000015,-111.40000000000057,1585.7574462890625,15.984742164611816,75.32455444335938,4.443868637084961,0.5,-12.091796875,0,46.5_-111.4
43.80000000000011,-114.10000000000042,2419.4287109375,26.56085205078125,182.86080932617188,7.71452522277832,0.5,-231.51318359375,0,43.8_-114.1
41.200000000000074,-111.40000000000057,2052.930908203125,20.354835510253906,111.7974624633789,5.923266410827637,0.5,36.68359375,0,41.2_-111.4
42.30000000000009,-105.7000000000009,2312.37109375,2.528817653656006,74.53841400146484,0.6763870120048523,0.5,-31.555908203125,0,42.3_-105.7
38.20000000000003,-118.40000000000018,1533.4918212890625,4.72819185256958,192.4510955810547,1.2804838418960571,0.5,-82.693359375,0,38.2_-118.4
43.60000000000011,-106.60000000000085,1440.264892578125,11.947007179260254,112.40209197998047,3.32871413230896,0.5,-23.25439453125,0,43.6_-106.6
36.2,-109.1000000000007,2234.52197265625,4.633267879486084,161.58348083496094,1.4863001108169556,0.5,-15.55029296875,0,36.2_-109.1
38.10000000000003,-114.10000000000042,2054.138671875,6.678817272186279,24.038976669311523,2.9948832988739014,0.5,-2.268798828125,0,38.1_-114.1
38.90000000000004,-107.80000000000078,2184.4462890625,8.51262092590332,181.49200439453125,2.3930277824401855,0.5,54.277099609375,0,38.9_-107.8
44.000000000000114,-116.00000000000031,1727.411865234375,37.12106704711914,171.2904815673828,10.852636337280273,0.5,-16.1971435546875,0,44.0_-116.0
45.70000000000014,-102.60000000000107,836.984130859375,1.6246881484985352,190.33030700683594,0.43753066658973694,0.5,5.37677001953125,0,45.7_-102.6
38.400000000000034,-109.70000000000067,1498.5726318359375,45.74372100830078,69.06938934326172,16.314987182617188,0.5,23.375244140625,0,38.4_-109.7
48.00000000000017,-119.8000000000001,877.18017578125,0.6607650518417358,193.7650146484375,0.1714055985212326,0.5,16.6845703125,0,48.0_-119.8
48.00000000000017,-115.80000000000032,678.4664916992188,9.765817642211914,243.53651428222656,2.5118095874786377,0.5,-107.9630126953125,0,48.0_-115.8
45.30000000000013,-118.90000000000015,0.0,0.0,0.0,0.0,0.5,-358.6346435546875,0,45.3_-118.9
48.70000000000018,-119.7000000000001,621.8429565429688,26.747940063476562,138.03225708007812,7.769168853759766,0.5,-160.64251708984375,0,48.7_-119.7
44.40000000000012,-108.70000000000073,1634.0960693359375,6.447699069976807,285.1570129394531,2.4167158603668213,0.5,146.859619140625,0,44.4_-108.7
48.20000000000017,-116.70000000000027,629.2000122070312,0.0,0.0,0.0,0.5,-32.62701416015625,0,48.2_-116.7
47.700000000000166,-116.60000000000028,755.05322265625,6.25664758682251,76.66486358642578,5.127599716186523,0.5,-121.03369140625,0,47.7_-116.6
42.40000000000009,-100.3000000000012,866.4380493164062,0.8839330673217773,246.4327392578125,0.2877315282821655,0.5,-4.42095947265625,0,42.4_-100.3
41.200000000000074,-115.40000000000035,1800.671630859375,4.006608963012695,336.5732727050781,1.0846889019012451,0.5,14.857177734375,0,41.2_-115.4
45.70000000000014,-100.60000000000119,607.237060546875,3.627716541290283,11.004471778869629,0.9426573514938354,0.5,30.99005126953125,0,45.7_-100.6
40.600000000000065,-104.50000000000097,1479.109619140625,3.4008874893188477,62.43466567993164,0.8777898550033569,0.5,-6.1837158203125,0,40.6_-104.5
39.100000000000044,-121.20000000000002,305.512939453125,11.324673652648926,239.39520263671875,3.4527366161346436,0.5,-31.23773193359375,0,39.1_-121.2
44.60000000000012,-113.40000000000046,2075.033935546875,4.495312690734863,178.61734008789062,1.1693536043167114,0.5,-60.38427734375,0,44.6_-113.4
39.00000000000004,-111.20000000000059,2052.1025390625,40.61381912231445,193.40658569335938,12.870305061340332,0.5,-30.62255859375,0,39.0_-111.2
42.50000000000009,-102.90000000000106,1215.424560546875,7.650414943695068,245.03607177734375,1.998318076133728,0.5,6.267578125,0,42.5_-102.9
41.40000000000008,-104.20000000000098,1651.6846923828125,1.2775908708572388,99.7322998046875,0.365215539932251,0.5,1.3935546875,0,41.4_-104.2
36.0,-104.30000000000098,1782.09228515625,1.8403679132461548,79.66719055175781,0.4968646168708801,0.5,9.873779296875,0,36.0_-104.3
43.90000000000011,-104.10000000000099,1413.8514404296875,6.813962459564209,56.34054946899414,1.7764760255813599,0.5,-77.5662841796875,0,43.9_-104.1
44.40000000000012,-114.90000000000038,2630.870849609375,37.49063491821289,65.70858001708984,11.78327465057373,0.5,88.926025390625,0,44.4_-114.9
46.10000000000014,-116.80000000000027,1538.8046875,4.098315715789795,52.5419921875,1.1482939720153809,0.5,71.60302734375,0,46.1_-116.8
37.20000000000002,-113.60000000000045,1257.9608154296875,9.264732360839844,39.96614456176758,2.5165159702301025,0.5,28.1329345703125,0,37.2_-113.6
47.700000000000166,-101.60000000000113,621.9635620117188,0.9677402973175049,305.2388916015625,0.2819964587688446,0.5,-1.07025146484375,0,47.7_-101.6
49.000000000000185,-113.80000000000044,1910.7178955078125,27.787796020507812,157.179931640625,8.111611366271973,0.5,-198.0958251953125,0,49.0_-113.8
36.50000000000001,-118.80000000000015,1000.9400024414062,35.729679107666016,317.8399963378906,10.953125,0.5,61.163818359375,0,36.5_-118.8
38.10000000000003,-114.30000000000041,2303.823974609375,22.467235565185547,36.1886100769043,6.366301536560059,0.5,85.45849609375,0,38.1_-114.3
48.20000000000017,-120.00000000000009,1146.6912841796875,8.310731887817383,133.59011840820312,2.3832075595855713,0.5,111.950439453125,0,48.2_-120.0
37.000000000000014,-107.60000000000079,1866.2518310546875,2.856046438217163,272.82318115234375,0.8184966444969177,0.5,-76.0845947265625,0,37.0_-107.6
46.200000000000145,-115.20000000000036,2264.2490234375,34.326419830322266,140.75372314453125,10.37662410736084,0.5,269.93994140625,0,46.2_-115.2
